Group,Mn,Fe,Ca,Mg,Y,La,Ce,Pr,Nd,Sm,Eu,Gd,Tb,Dy,Ho,Er,Tm,Yb,Lu,P
Granite,6.183917084,20.00337145,0.466771938,0.298639247,879.8437413,0,0,0.002566186,0.127782283,1.345849506,0.032918352,11.8340108,8.458115085,108.5025283,31.22767665,128.3920668,33.52490886,374.0575018,62.4648783,248.4025184
Granite,6.073896983,19.38847407,0.478270268,0.305376351,952.349916,0,0.008686545,0.002385859,0.06301348,1.128002137,0,12.62226201,8.509465289,119.8525806,35.85067914,146.0753237,32.13652686,314.0696171,51.39090462,217.2247294
Granite,5.774860342,20.38971687,0.469643656,0.286976834,513.2317023,0,0.003050366,0.002512909,0.033171382,1.108193805,0.016112963,10.94963717,6.475768687,69.04248322,17.59037715,68.23866305,16.20308019,172.5282897,28.81971564,325.8243668
Granite,5.521842811,19.63938718,0.382802392,0.248060921,329.1422487,0,0.003034976,0,0.033045287,0.166908451,0.005336933,3.194270821,2.717987183,41.34198173,13.27201282,50.82973949,9.215925368,74.77068256,11.86330547,145.6452168
Granite,5.185186123,18.39897861,0.399623542,0.292566427,449.787746,0,0.005769113,0,0.031485071,0.44170988,0.005074603,6.812435632,4.834131961,62.58348829,15.36912106,47.45292732,7.880347014,56.80188134,7.543258513,199.3166023
Granite,5.488765701,18.13303271,0.459074339,0.277818929,732.4765714,0,0,0,0,0.933619388,0.026237853,11.7203774,8.067118599,96.1787184,23.97092375,83.05754143,15.83238696,134.399128,19.39228362,291.2200386
Granite,5.606199521,17.39004097,0.554783818,0.299557291,685.4812094,0.006173066,0.026267545,0.004838469,0.16006614,0.929875494,0.020555664,11.68703399,7.978509025,89.9921836,21.13438832,67.50964505,13.21795006,111.9487518,14.860199,324.3051943
Granite,5.967003328,18.20471729,0.525142599,0.232841132,660.4462594,0.010936038,0.003043013,0.00757823,0.13383568,1.013666606,0.005360229,13.20255356,8.114807656,89.00138718,20.19959233,66.56637033,13.21962643,109.7600255,14.59405446,330.8477875
Granite,5.799921456,19.16748565,0.421147103,0.265662266,605.9157025,0,0,0,0.034675682,0.331613426,0,8.778433161,6.167349594,83.27185125,21.98503349,69.20379069,12.31402502,95.42687689,13.60457274,174.4383461
Granite,5.484309659,18.44603785,0.407487022,0.293924838,253.9498283,0,0,0.086986158,0.032111507,0.271127353,0,3.670148334,2.732721958,32.72407026,7.699708297,21.48188122,3.623326196,25.54672487,3.019298654,111.7996529
Granite,5.939418794,19.59986279,0.438620052,0.310589187,69.14662706,0.00366295,0,0.174678772,0.033606435,0.454278341,0.005334857,4.181099226,1.93393784,12.362486,1.609479986,3.472527622,0.502973768,4.137654967,0.514483642,135.1064868
Granite,5.504471966,20.40401456,0.478749202,0.481684445,760.9031834,0,0.003167492,0.005305106,0.0344136,0.720921435,0.022345126,9.711296626,7.071688227,98.87644761,29.55456945,115.2242441,22.14291622,182.2305255,26.00944146,225.8537592
Granite,5.636930489,20.74867719,0.559544085,0.468820325,755.6559154,0,0,0.0026291,0,0.405833013,0,9.137858111,6.198730258,94.26281208,33.3806144,159.1361562,39.26275089,403.5948316,75.87672586,146.9861267
Granite,5.444369573,20.07367961,0.525306764,0.481417976,665.7913022,0.007264532,0,0,0.032998758,0.749210776,0.005363608,9.227851574,6.36166176,87.86043453,24.6720177,97.38114027,19.99581449,174.3988315,24.59963623,146.7357277
Granite,5.412732099,20.22962739,0.534504655,0.45449377,526.3810537,0,0,0,0,0.213501704,0.005554752,7.455092506,5.390052658,71.39429962,19.78667176,66.21959013,11.65313441,88.50509174,11.97049414,130.2327972
Granite,6.159554599,20.4943477,0.529268853,0.491792572,621.3680504,0.007612601,0.038009887,0.008009962,0.034542668,0.905262787,0.022501741,8.675517963,6.620951299,81.23644714,19.88625777,63.43276071,10.86786508,79.80562456,8.311307119,142.8809195
Granite,5.83811842,20.35372104,0.621574108,0.580298933,591.4107197,0.11717651,0.19775788,0.007473712,0.064424496,0.698228732,0.010498545,10.09839695,7.293764072,86.77590498,19.11418565,51.26466935,7.680965166,49.38397733,4.760017073,163.3607259
Granite,5.722416365,21.09560506,0.522605708,0.541314647,608.7257481,0.034018468,0.119267279,0.010609883,0,0.646028341,0.011178963,9.704903452,7.034853599,87.47641474,22.9838363,71.67109824,12.17435112,95.4045313,11.61340942,157.7544671
Granite,6.517567215,20.34709575,0.507207667,0.468017996,861.3967156,0,0,0.00523526,0.135237055,0.966625869,0.016549588,10.20455552,7.019578315,98.60742639,31.68951316,151.5324321,38.28742771,400.3748132,69.96303863,292.593107
Granite,6.346975166,20.53178741,0.647888001,0.489652307,995.2527125,0.017957281,0.050585965,0.005042543,0.09764062,1.192522506,0.01062781,12.94242819,8.91255416,120.434456,37.64951589,151.738285,34.7126034,331.0282073,48.89023768,198.6843915
Granite,5.799274693,20.98872602,0.558001016,0.48890881,569.2688638,0,0.009686861,0,0,0.445687157,0.011548337,8.280252743,6.16446274,78.05085719,21.35337393,70.34897668,12.24105999,94.02718439,13.08589112,176.4176915
Granite,5.839934881,20.57764717,0.541562102,0.511794145,843.5463703,0.011101234,0.094837191,0.020790174,0.100532526,0.612433804,0.027390812,10.81437587,7.278136747,106.0224764,35.16347813,159.6943743,39.11529539,390.8288941,67.3037313,155.2552372
Granite,6.001136624,21.41302631,0.558980553,0.499520712,451.4302597,0.004003472,0,0,0.036242766,0.333176303,0,6.733113832,4.897514899,63.83037491,18.59120807,62.90353436,10.25144784,77.61603875,10.76315302,154.225729
Pegmatite,5.660251593,21.80702898,0.379318023,0.314349966,219.9412992,0,0.003118358,0,0.033517609,0.411823533,0.010669534,6.667536733,3.832625302,37.15424664,7.040584481,17.77637034,2.921658475,22.13406773,2.629150148,211.8379994
Pegmatite,5.612471653,21.22222901,0.435547106,0.317764948,245.3812733,0,0.002973052,0.033784599,0.03195944,1.052958103,0.03561265,9.076988489,4.759163935,39.89190644,7.046430018,18.42008321,3.217494475,23.64498571,2.644885499,237.7910453
Pegmatite,5.602686169,21.06973302,0.439725849,0.325641888,258.1318837,0,0.002817754,0,0.030293488,0.997930981,0.014469127,11.06485803,5.450161416,42.42793251,7.456845157,21.57146463,4.000809639,32.24611988,4.12088278,195.0005955
Pegmatite,6.003049454,21.09898725,0.3645832,0.305037162,680.8683295,0,0,0.002227137,0.029463452,0.576207432,0.004698174,8.078100829,6.202220269,81.28015191,25.08151997,105.2163379,24.43148748,229.1012223,37.56235653,259.5492211
Pegmatite,5.95536131,21.05378187,0.366033086,0.346400186,690.1509732,0,0,0,0.030481592,0.629532016,0.019417747,8.544651881,5.998314105,82.2208837,25.07521329,104.9015481,23.90459618,231.3723357,38.20545852,296.9362419
Pegmatite,6.268729736,21.4894485,0.386074991,0.357026146,731.7381825,0,0.003063603,0,0.032940364,0.680407413,0.010490468,8.693475112,6.719211366,90.98242063,26.81937671,111.796835,25.88825797,254.0324341,42.45887767,282.2167427
Pegmatite,5.393891058,19.55695557,0.344821919,0.270773798,515.0078102,0,0,0,0,0.236441984,0.017991672,3.437439249,2.931159529,50.30810695,18.19315315,84.3787703,21.67754103,219.0653003,34.4279267,183.8123387
Pegmatite,5.50856467,21.58268213,0.349287359,0.278484264,540.4514763,0,0,0,0.060237115,0.09461313,0.009615989,3.000935621,2.961287127,50.58286332,18.15471097,85.9224975,21.86050042,223.280625,34.7853149,200.4501059
Pegmatite,5.493464972,21.90116204,0.33632635,0.273301229,503.8430607,0,0,0,0,0.153239822,0.024294332,2.506068875,2.751293833,46.10560584,16.9177884,78.09419701,20.27118892,208.2864361,30.94154724,234.7390441
Pegmatite,5.197979251,18.02075029,0.30978428,0.284973609,531.3392318,0,0.002569957,0,0,0.647310842,0.00439699,3.175461257,3.112801266,53.47671995,20.479371,100.7077386,25.94158916,271.9521401,48.62941253,220.8995148
Pegmatite,5.385022544,19.70286161,0.323967161,0.307693569,555.7467321,0,0,0,0.029619655,0.04979849,0.009472732,3.78519295,3.396230295,56.33737522,21.27118894,101.0712527,25.88560528,266.7032885,46.77784918,226.529028
Pegmatite,5.180587144,21.39861446,0.314605755,0.289340373,497.7307839,0,0,0,0,0.149286432,0.023665307,3.252383571,3.217105865,50.54258237,18.77927082,86.67044768,22.03512141,214.0378674,37.58380121,178.3125473
Pegmatite,5.97833704,20.89769866,0.341894466,0.323983172,692.3327443,0,0,0.004517662,0,0.4981625,0.014213246,7.298444023,5.447742412,77.96682871,24.47515707,104.3745554,24.66028976,233.7799477,39.06334627,298.010471
Pegmatite,5.881735008,20.70166385,0.324783182,0.318699488,683.0363775,0,0,0,0,0.344945723,0.023432011,6.970161859,5.484547,77.90932267,24.34513205,104.5219343,23.84949464,223.5883481,36.6986637,288.8431881
Pegmatite,5.912240151,20.75499515,0.333491593,0.324126305,666.4023747,0,0.005455124,0,0,0.359690547,0.013993343,6.738306239,5.014128046,74.15258896,24.14189026,104.9819791,25.08126138,241.0864442,39.68810654,304.9749403
Pegmatite,5.689905526,21.84400427,0.338828508,0.229325255,157.1148266,0,0.002923813,0.002384935,0.031383113,0.928358494,0.005003376,6.621619819,7.740991291,22.42801427,3.886827527,12.48939853,2.437816252,23.06233665,3.489380908,320.9623275
Pegmatite,5.170195456,20.89890617,0.35398399,0.250366846,193.0194386,0,0,0,0,0.86656779,0.004851812,7.25165121,3.130591043,27.03247221,5.152548095,16.39633742,3.440091408,31.88617488,4.951425595,280.2811647
Pegmatite,5.281912195,22.40155966,0.314147318,0.314903956,115.3035287,0,0.003110349,0,0,0.707621483,0,6.464476756,3.410666984,21.85213347,3.295274852,7.11264047,1.220365792,9.978335136,1.324149702,320.7077584
Pegmatite,5.352719182,21.25681307,0.318437121,0.313775496,164.6901932,0,0,0,0,0.821627271,0.004995178,9.883858254,4.946180464,32.06410347,4.644739174,10.47702734,1.592970101,12.03749169,1.476289944,272.5820258
Pegmatite,5.872527587,20.90323978,0.311699738,0.261854338,82.31943413,0,0,0.004694027,0.030899581,1.06739553,0,8.722488769,3.252970335,15.86258603,1.879084565,4.294992894,0.844020902,5.538718876,0.689333168,277.8803699
Pegmatite,5.68590769,21.99066377,0.336287981,0.356994997,43.90634188,0,0,0.002533457,0.166812463,0.464300317,0.005310489,3.665390868,1.383964814,8.397610877,1.130901757,2.680364927,0.411545884,3.078421518,0.325743483,252.8997667
Pegmatite,6.070527184,20.67565549,0.350350404,0.292832696,547.3376471,0.003293193,2.395898768,0.002324563,0.153095975,1.243212683,0.004871261,13.14598844,8.028464711,81.97425044,17.30463854,56.17914961,10.4154357,93.54825967,12.25517919,388.6756085
Pegmatite,6.297913996,20.10937594,0.34675708,0.259166225,533.9154396,0,0.005451697,0.002230919,0.029392957,1.617090314,0,12.74704147,8.145976952,80.41515459,16.304549,49.79564804,9.409599921,76.89748422,9.317559646,417.5396125
Pegmatite,6.526960392,19.54967605,0.463788732,0.259390185,545.3534955,0,0,0,0.204097317,1.359870433,0,12.90108369,7.854895036,82.08087815,17.13824818,53.53796993,9.915728185,82.62036936,10.74679241,475.2927003
Pegmatite,6.248833335,19.90041725,0.350351575,0.250294686,512.7207017,0,0,0.00444179,0,1.542880422,0.009300332,12.20966783,7.718134172,77.5950247,16.20161477,50.08244659,9.589992748,78.84780586,10.03192179,454.4958121
Pegmatite,5.464042613,20.84938691,0.259412196,0.162887406,333.0091147,0,0,0.004850926,0,0.936489585,0.005116567,14.89951573,8.123909184,62.15368817,8.582899073,16.97742518,2.282403436,13.2553339,1.327382564,523.6246837
Pegmatite,5.489797826,19.46552989,0.243382522,0.165435092,377.5988618,0,0,0,0,0.46781464,0.004662545,7.297657058,5.303574833,54.1588931,10.70855258,30.12923868,5.97076101,45.582228,6.175780566,629.0720629
Pegmatite,5.432122889,20.05437932,0.309717367,0.176625879,387.3331217,0,0.002875976,0.00472537,0.185008798,0.620017077,0,11.92004299,6.660883696,58.10795027,11.94714403,38.43933479,7.995472567,73.64622682,11.43671836,259.3579344
Pegmatite,5.507728141,20.85755068,0.312686528,0.183618362,528.447822,0,0.00300086,0.002462603,0.064336394,1.016930837,0,10.50300867,7.126130475,74.08585446,18.29676492,65.89415627,14.60247659,144.8812542,23.3760551,457.7614329
Pegmatite,5.804383383,20.23048169,0.345070227,0.151858654,1008.331953,0.039564307,0.346866077,0.130372277,1.310057927,6.311856797,0.034375902,31.64605548,16.97828842,145.8645351,26.6610846,74.16315507,13.40638635,107.4544977,14.06409202,636.8009185
Pegmatite,6.930432875,19.6659295,0.398010054,0.179309985,913.9323463,0.003614485,0.003119638,0.012758841,0.300817959,1.864662852,0.005382729,14.50209534,9.312679123,111.9475573,31.96490301,139.6369702,36.51314598,415.5189733,74.93119083,318.5382269
Pegmatite,6.685858396,19.43559915,0.381590865,0.176086778,806.5422711,0,0.006217896,0.005080559,0.053798758,1.831671257,0.010716878,13.92414098,8.622627392,99.90103972,26.44395343,110.0676573,27.38932116,294.577817,45.84966102,386.0507057
Pegmatite,6.04084141,20.6698653,0.331464923,0.184559023,751.5216862,0,0,0,0.032950356,0.808321667,0.005296677,12.5553205,8.600445909,100.0266222,25.05252495,92.41801654,20.8086377,197.9592173,32.00965131,264.9195786
Pegmatite,5.779124609,20.6892701,0.271819985,0.172648491,350.0644008,0,0,0,0,1.072940059,0,15.48182933,8.678727161,62.53779135,8.654726434,17.85947402,2.462657603,14.28259037,1.533242164,560.6587124
Pegmatite,5.512081956,20.29005691,0.249925119,0.152117032,197.8155711,0,0,0,0.032476966,0.651457934,0.010422052,7.045426678,4.24707103,32.43220277,5.042953159,11.65064951,1.768687111,11.99166335,1.327518078,366.0127256
Pegmatite,7.192588693,20.18049053,0.425381727,0.185569206,928.1169182,0,0.003072385,0.002498293,0.293372402,2.254657522,0.005248998,15.08147737,10.2198589,120.103594,31.12264968,127.2060098,30.66003738,313.4587351,48.82623437,336.7439978
Pegmatite,7.5114152,19.1765038,0.36309511,0.168316995,866.3559498,0,0.008595558,0,0.151843692,2.137033808,0,14.19765005,8.626574475,105.1907775,29.16636792,131.3197175,35.67171294,412.3972297,72.68254009,425.4879062
Pegmatite,7.430223906,19.07855135,0.39423742,0.07767952,856.0304999,0,0.008245341,0,0.349232548,2.476636673,0.004692022,15.39610742,9.338950264,107.6493022,28.97375856,124.0925434,34.65229576,397.495405,67.70210931,426.0682273
Pegmatite,6.955670455,20.23717978,0.394712392,0.176658175,916.6710329,0,0.012000046,0.004879761,0.126940597,1.683033309,0.005119544,15.10885087,9.193480244,114.3865017,31.32398798,133.9498119,35.04563349,393.7873891,69.50744593,374.928121
Pegmatite,6.158858718,20.64348739,0.325128476,0.164531415,867.4513461,0.00342343,0.047812843,0.01364821,0.094740196,1.979882987,0,15.7211318,10.07773024,115.5405097,28.33511986,108.8464409,25.73195343,255.7755484,41.84791802,348.6222511
Pegmatite,5.545266399,20.51452574,0.318647753,0.175667417,485.3380279,0,0,0.005203613,0,1.298441458,0,13.40608825,8.634059863,76.99699512,13.1439374,35.02700514,6.126611461,46.6071564,5.70539479,339.7676467
Pegmatite,6.220072134,20.06525272,0.338496824,0.181669002,682.9504192,0,0.003076598,0.002502617,0.032448809,1.561256538,0,15.42986264,9.506490117,99.43877631,20.68297935,64.27299784,12.39333033,101.185042,13.59839873,299.0387744
Pegmatite,5.943814002,20.98817885,0.330255813,0.186162976,597.9477632,0,0.003051244,0,0.096448373,1.439250889,0.00519908,15.02779798,9.454555859,90.63476165,17.42448145,51.75541784,9.433965903,76.80978716,10.30721598,321.5742559
Pegmatite,5.587681109,20.89150582,0.306964743,0.175783083,725.7825079,0,0.002961329,0.002408905,0.093760801,0.777598965,0.010098799,11.91995616,8.474314664,94.03863745,23.95824402,89.59647479,20.53123276,202.2639018,32.85006763,240.4335414
Pegmatite,5.363823951,20.84883148,0.239599019,0.162856562,123.3970014,0,0,0,0,0.611555,0,8.737621355,4.751431186,28.62009937,2.688708097,3.904003776,0.430346323,2.106017289,0.218056652,336.5460829
Pegmatite,5.902850147,20.96150454,0.314105052,0.173673942,684.1846182,0,0,0,0.034109527,0.927493566,0.005449019,11.63003252,8.421849764,93.17046776,22.47573119,82.50624115,18.63462435,180.6900458,28.52298125,301.668114
Pegmatite,5.991596173,20.59999814,0.327918097,0.18169339,569.2718503,0,0,0.004789135,0.15801343,1.298731027,0,13.78677715,8.318663182,84.37006821,17.34557234,52.45690458,10.18203499,87.65232661,12.16968796,368.9858544
Pegmatite,5.979089506,20.31433774,0.321082848,0.184379832,199.9453903,0,0,0,0.030780367,1.043485298,0,10.09177975,5.442536826,36.86611876,5.000183863,10.13793969,1.425918924,8.9122793,0.938611433,300.2844446
Pegmatite,5.889759611,17.9170225,0.305592019,0.182802192,540.0139522,0,0,0,0.056186633,1.25091938,0,14.21114387,8.569795962,82.0508443,15.9010811,44.15447467,8.511599484,72.38252502,9.481625127,306.2205903
Pegmatite,5.999586405,20.73531156,0.323445614,0.181386332,697.4002926,0,0,0,0.065244066,1.360763747,0,12.13506114,8.411247543,94.75907147,22.71532922,79.81112753,18.97483896,193.9951402,29.87703945,329.7685412
Aplite,4.524826715,19.68665911,0.322190321,0.271774697,542.7289294,0.003151771,0,0,0.028774093,0.646054526,0.004587505,9.513000194,6.474179365,75.1198348,19.5592904,67.55313556,13.69329836,120.7808037,18.60398401,204.84236
Aplite,4.792871253,22.220657,0.313389195,0.255957981,547.0390697,0,0.002819055,0.002296697,0.060274468,0.508325931,0,9.552011402,6.826039878,79.14865848,19.1653551,61.52031965,11.29243517,91.87669656,13.03922575,242.2007868
Aplite,4.410236115,23.04394044,0.326825335,0.279356635,694.5296241,0.003417299,0,0.002382849,0.03122792,0.580346062,0.00999361,10.97986652,8.18119259,94.63716185,21.84773841,72.51313022,14.10786493,119.7967898,17.27630177,186.4276234
Aplite,5.174489221,21.13015174,0.349494896,0.271885458,378.0302745,0,0,0,0.116161845,1.009004574,0.013864793,13.76476321,7.622763687,64.16325014,10.24787084,21.59362545,3.315088936,22.82621006,2.648518554,270.8672439
Aplite,5.246332803,17.82557202,0.360882353,0.295418185,555.3891495,0,0.012680059,0.008260615,0,1.202945636,0,17.24744497,10.24214799,90.3979016,16.06185067,38.41040091,5.68120766,39.33416654,4.777502955,237.5006169
Aplite,5.278198662,17.18475156,0.360680571,0.307956583,585.7438984,0,0.002456427,0,0.131863903,0.938271957,0.012574004,15.16008468,9.731299998,90.53203013,17.0845403,44.11037947,6.546775158,47.64058353,5.93321743,258.3106151
Aplite,4.627320608,18.34229773,0.348933058,0.303848065,514.4084193,0,0,0,0,0.753430818,0,10.40675513,6.858776557,74.2241149,17.022114,54.6432608,10.5682404,88.84044926,12.86190764,234.2676242
Aplite,4.449993336,19.25146329,0.338142265,0.316839512,550.5798028,0,0,0.00218912,0.028891558,0.646131852,0,10.46148944,7.311289684,80.62239254,18.37911464,58.65912709,11.4356213,98.30951943,14.08459641,224.6478314
Aplite,4.42295121,19.92882472,0.328221558,0.32151188,437.7555783,0,0,0,0.03103099,0.364386173,0,8.895865477,5.908097054,65.76908749,15.6676555,52.3781299,9.957380629,85.09160279,12.89582843,204.2710815
Aplite,5.739718464,18.62817278,0.332549521,0.242878843,386.1187028,0,0,0,0,1.26711988,0.004343281,14.26215881,7.977416309,66.4140506,11.32899782,29.20987392,4.924334434,38.27628685,4.810047555,262.6737233
Aplite,5.726176563,18.25884262,0.318324287,0.239712356,279.1391403,0.002877121,5.848858992,0.002000767,0.026436707,1.078564227,0.008409237,12.56059555,6.744251774,50.91993614,7.740727917,19.11762171,3.136817512,24.01590486,2.925556089,314.9435738
Aplite,5.611776134,16.84405924,0.321910882,0.227556708,197.5608062,0.015816243,0.031592984,0.001834105,0.145464307,0.894133598,0,9.475439086,5.193177636,36.70290265,5.380427898,13.01340926,2.269421287,16.69636102,2.053189624,377.5806371
Aplite,4.610893427,17.68729388,0.34995945,0.334802022,400.6285924,0.043683141,0.099235201,0.003581529,0.118495102,0.754542455,0,10.48037151,6.232610698,60.58937305,12.16520492,35.84979699,6.177471928,47.66286413,6.363588668,253.6952556
Aplite,4.57403604,17.85734566,0.359577044,0.326050163,446.3761727,0,0,0.003833704,0.152146271,1.019955328,0,11.91018194,7.147961006,67.37935685,13.86406116,39.55934387,7.000538414,53.92017473,7.217448277,287.1270227
Aplite,4.622232583,18.47206986,0.361619317,0.33373664,414.0062047,0.002836523,0.00729066,0.001974662,0.052224454,0.846189798,0,11.22309632,6.871634341,65.25579193,12.15573438,32.1597219,5.402630213,38.70853642,4.514237012,300.476535
Aplite,5.085721176,21.31262197,0.373698972,0.286504786,692.060302,0,0,0,0.068446731,0.956717691,0.005486178,14.19476248,9.710406778,102.8791865,22.32404928,63.54222447,10.76506481,85.41495517,11.65380886,236.0864879
Aplite,5.136491991,20.91222347,0.368911716,0.283925121,612.5768707,0,0,0,0.031525032,0.757123261,0.010102589,13.75385833,9.393111679,92.78514186,19.33241052,55.96460897,9.57211508,74.41543003,10.1792102,319.4938693
Aplite,5.044874195,20.40754019,0.361210691,0.275873273,505.9009356,0,0.003126984,0.002548318,0.06610597,0.534810855,0.015881065,10.55282884,6.637196179,75.13018469,16.02774615,47.19216195,8.496012049,65.37485515,9.087531464,269.2645771
Aplite,5.169522119,20.71650351,0.393877808,0.291262135,562.6697911,0,0,0,0.031396701,0.927933063,0.00503544,14.90810511,9.290162147,87.07237716,17.40367276,47.74936817,7.92146374,63.69522923,8.615125169,266.3615747
Aplite,4.887784665,19.84746685,0.351675537,0.30585248,255.4475285,0.003219481,0,0,0.088600706,0.41182917,0,9.326921301,5.01853356,42.38476098,7.533688334,22.93034751,3.018758748,23.61392595,2.804555819,224.3902261
Aplite,5.182438845,20.86871943,0.375780728,0.205912558,614.3568919,0.003621859,0,0,0.099668766,1.429382701,0.010737347,10.84475016,7.302547607,80.55637936,20.63711785,75.15059918,15.97355671,139.6627352,21.51729028,539.8190869
Aplite,4.814559355,20.53455295,0.375540171,0.230033389,531.8407698,0,0.002888367,0.00237661,0.061630619,1.240024151,0.004984386,11.6186626,6.983463029,72.97237282,16.74857628,61.71896823,13.59233014,134.2918523,20.31683175,522.8293425
Aplite,4.674673401,20.94416278,0.367541987,0.267706328,577.659087,0,0.002907834,0,0,0.781223141,0,10.92178591,7.566343013,80.70882946,18.95135023,61.76265605,11.47375808,95.1309956,13.97397536,337.7878705
Aplite,4.85104994,20.92775519,0.342334591,0.285625115,536.6535915,0,0,0.002449814,0.031765215,0.639444898,0.005147938,11.27805095,7.808163751,82.87220419,18.00407029,54.80191446,9.548079465,77.04768276,10.74978861,221.9767371
Aplite,4.612870259,19.69254982,0.31232607,0.279261007,105.1451208,0,0,0,0,0.393644082,0,4.628623319,2.675641637,19.20634123,2.434954147,4.69830952,0.651435861,3.537820922,0.30115735,126.5650852
Aplite,10.28174764,24.56943481,0.258175397,0.336751018,471.4639154,0.001211197,0,0,0.074722138,1.597492823,0,13.7289047,7.826997232,68.52376443,13.37651776,40.90055117,7.949136397,63.54247683,8.697528724,416.9747875
Aplite,10.35679257,23.74549447,0.335348632,0.317164046,985.9488475,0.003455562,0.007903121,0.005483797,0.317691746,2.47542041,0.001437911,17.85874134,11.46651651,130.3538717,34.08373749,138.760756,38.46994727,427.8267521,73.26559311,521.6317255
Aplite,9.549401209,23.18079515,0.319314593,0.334179681,967.4071908,0,0.001216857,0.006692409,0.248205474,2.2195182,0.001536781,17.538417,11.44389581,132.073254,33.97532877,133.3398023,34.47491592,380.6421691,62.82382085,548.5633788
Aplite,10.16399299,23.31706664,0.319345149,0.332983985,458.9198811,0.002367135,0.001018614,0.004123446,0.050270258,0.979553593,0.001519286,12.08332114,7.303640091,64.33104159,13.99124461,47.62755803,10.02804325,92.8001641,14.8148905,394.0868811
Aplite,10.23155256,23.70177161,0.359014899,0.322766267,472.9950982,0,0,0.000815344,0.044728591,1.109781021,0.001502282,12.47720552,7.594169108,68.17537457,14.23807733,47.3334991,10.05123619,92.22308261,14.4568454,408.8999627
Aplite,10.4448658,23.3517916,0.259469803,0.327394856,702.4514671,0.002323044,0.02001497,0.01134046,0.286362313,3.093205535,0.001492709,20.88431281,12.2381477,109.896894,18.77690871,53.49951749,10.91450741,92.31696492,11.41327823,698.1418399
Aplite,9.87092225,24.34807987,0.277236264,0.367651845,374.3359845,0.004597126,0.000984746,0.000792609,0.043417273,0.864457775,0,9.119700341,5.787246464,55.03554863,10.78362565,33.2774932,6.856699977,60.41433084,9.015108244,423.4382115
Aplite,9.966262109,24.85608355,0.324329294,0.367414354,497.5028383,0,0.00190528,0.000767645,0.046737208,1.00233809,0.00141265,10.7704802,6.701306941,68.03192765,15.58501313,54.92009992,11.99898814,113.611324,17.81002355,353.7185676
Aplite,9.920444832,24.31989025,0.279895504,0.372133765,396.0896943,0,0.003802744,0.000766947,0.023354982,0.902255394,0.001411277,9.599334875,6.189932375,58.89667273,11.65759904,37.10402643,7.6376632,69.55996032,10.58628633,409.605951
Aplite,10.10758015,24.17576257,0.279562337,0.378646823,202.8459983,0,0.001040462,0.001680666,0.025598052,0.482166826,0,4.469823149,3.148159715,29.57098159,5.497641597,16.73776303,3.46592214,29.84339283,3.925982676,213.7848288
Aplite,10.1526954,30.66299861,0.304525554,0.373479315,572.589607,0.002581253,0,0.002680928,0.043569281,1.018970375,0.001644205,11.23591613,7.37464695,78.60429878,18.55360505,67.25396201,15.77120022,159.1571176,24.77460192,326.5291757
Aplite,10.13092771,24.82034779,0.270668678,0.37546981,206.5723813,0.002253152,0.006752044,0.00312332,0.033321306,0.671852458,0.001436551,7.882558284,4.791309541,36.74628009,5.688552044,13.39633317,2.37054224,19.74708255,2.706881482,390.8415204
Aplite,9.300052119,22.33098321,0.341467176,0.382535606,404.7594501,0.027008459,0.050998426,0.009870424,0.071096873,1.112404719,0.003307557,10.37797682,6.501922682,59.31551979,11.83927529,37.08208796,7.42707692,61.70418867,8.971905929,330.7161004
Aplite,4.498897163,11.1105257,0.289941862,0.179341925,189.3759956,0.014463689,0.014969675,0,0.02461153,0.29603023,0.004962475,3.237443086,2.037707789,24.30938662,5.976226314,22.36029207,5.358047375,52.68758938,8.288981269,136.257606
Aplite,9.415983631,22.97152782,0.255970937,0.380021302,364.8244615,0,0.008844025,0.00268375,0.049066972,0.838900714,0.006596881,10.11340878,6.364225873,56.43730802,10.09994331,29.18505178,5.547481856,45.98135724,6.213934283,399.4694575
Aplite,9.656,32.074,0.475,0.455,857.1981897,0.021980601,0.067943407,0.012796233,0.192813671,1.726314502,0.009112743,13.46358998,10.14087665,116.7693065,28.47240098,103.7458233,23.41272544,224.7480973,32.57252766,450.0479387
Aplite,9.877,32.133,0.47,0.477,942.0467327,0.001189702,0.00506545,0.003099745,0.106251662,1.652642907,0.02147966,14.06114378,10.56948462,125.6578302,32.67918585,115.2373465,25.0210581,229.9915969,33.35294077,325.2811539
Aplite,9.623,32.133,0.459,0.458,623.3846389,0,0.002019986,0,0.032282373,0.966385074,0.012073333,11.92448199,9.054165449,94.32691065,19.4937889,50.51901343,8.011439702,55.75109972,6.403089137,269.4390784
Aplite,10.281,32.053,0.529,0.402,642.8311642,0.002369269,0.055571742,0.003096925,0.083255444,1.173792678,0.016176216,12.61326383,9.217856136,94.10985102,20.7933058,60.18512283,11.02692082,85.64600823,10.9226179,455.2088521
Aplite,10.275,32.228,0.35,0.406,512.3685735,0,0.007489037,0.002949109,0.057221591,1.086076545,0.006589867,11.6186914,8.172548053,78.50150291,15.02993394,39.54023438,6.574078148,48.29675864,5.678563474,362.9411868
SW,16.34,22.97,2.75,1.32,2806.24,1.031538462,4.024615385,1.795384615,28.03615385,53.67538462,1.376923077,140.2530769,47.14307692,444.2269231,99.87692308,299.8423077,40.30076923,265.3469231,37.45692308,90.36538462
SW,20.39,19.63,2.61,0.57,3451.502308,0.243076923,2.187692308,1.45,25.74846154,89.22769231,2.183076923,285.3638462,76.84076923,565.0538462,105.4123077,289.3176923,37.55538462,238.9484615,31.92,103.59
SW,15.59,23.19,2.95,0.91,3267.150909,0.977777778,2.596666667,1,12.53222222,63.51272727,4.418181818,126.8945455,46.32090909,476.2318182,110.6945455,327.7318182,44.07363636,287.8690909,39.32909091,89.89909091
SH,11.39,28.72,1.53,0.5,1690.973333,0.025,0.046666667,0.025,0.338333333,5.081666667,0.07,55.625,25.85833333,260.8366667,48.975,128.0166667,17.58333333,116.9883333,9.793333333,100.51
SH,11.28,28.84,1.61,0.44,1700.43,0.105714286,0.112857143,0.022857143,0.251428571,4.937142857,0.034285714,55.73571429,26.76142857,254.9485714,44.32571429,104.4914286,13.11571429,79.00428571,5.518571429,78.00571429
SH,11.68,28.26,1.5,0.44,2036.0925,0.16125,0.3275,0.0575,0.405,4.52375,0.0575,50.825,25.4825,286.2375,66.26,207.8425,35.555,274.7975,28.40875,127.4975
BA,20.52,20.3,1.94,0.24,2303.155,0.107142857,0.200714286,0.073571429,1.657857143,36.165,0.786428571,317.5985714,94.70642857,501.6521429,48.86857143,69.09714286,5.881428571,26.99571429,2.399285714,86.03714286
BA,21.5,19.7,1.98,0.15,2937.031667,0.03,0.133333333,0.075,2.283333333,45.94333333,0.961666667,388.1166667,115.1483333,638.42,66.61,99.21833333,9.058333333,44.94166667,4.043333333,74.78833333
RM,12.23,29.98,0.93,0.13,1846.97,0.13,0.29,0.082857143,0.48,6.601428571,0.031428571,89.18714286,43.35,323.92,38.31285714,75.52857143,9.244285714,48.58857143,4.635714286,124.0171429
RM,12.56,29.56,0.87,0.06,1407.89,0.04,0.068571429,0.02,0.188571429,3.298571429,0.051428571,56.65571429,33.75142857,245.8685714,26.45285714,52.76285714,7.437142857,46.1,5.447142857,98.04857143
RM,13.19,29.17,0.91,0.08,1273.84,0.05,0.081428571,0.045714286,0.118571429,4.097142857,0.044285714,61.04142857,33.21857143,225.6614286,23.32285714,43.92571429,6,36.11142857,4.265714286,55.38285714
HO,17.78,21.9,1.91,0.23,5042.716667,0.07,0.375,0.24,3.713333333,26.97833333,0.616666667,276.0866667,100.4716667,843.02,150.2366667,400.4,56.93,347.7116667,44.105,118.96
HO,18.31,22.63,1.46,0.45,4341.702,0.554,0.46,0.354,3.692,23.864,0.572,224.674,84.71,739.532,137.732,356.102,52.6,319.124,39.382,55.562
HO,19.04,20.73,2.01,0.23,6474.3825,0.08,0.34625,0.25125,5.71875,47.335,1.09125,395.2675,136.65125,1121.72875,197.55375,511.76875,71.76125,437.935,55.46875,82.78125
